INSERT INTO `userType` (`userTypeID`,`typeName`,`typeDesc`) VALUES (1,"Business","Business stuff"),(2,"Student","Student Stuff"),(3,"Tourist","Student Stuff");

INSERT INTO `city` (`cityID`,`cityName`,`cityDesc`) VALUES (1,"Sydney","Sydney is a nice place"),(2,"Brisbane","Brisbane is a nice place"),(3,"Darwin","Darwin"),(4,"Perth","perth"),(5,"adelaide","adelaide"),(6,"Canberra","Canberra"),(7,"Melbourne","Melbourne"),(8,"Hobart","Hobart");

INSERT INTO `userInfo` (`userID`,`userInfo_userTypeID`,`username`,`password`,`fname`,`lname`,`dob`,`email`,`contactNumber`,`address`) VALUES (1,3,"1694020392999","BTT57XDV8RS","Alyssa","Tanner","2016-11-21","cursus.luctus.ipsum@liberodui.ca","0675186883","783 Vitae Avenue"),(2,2,"1655022784499","KYG31SNC2AF","Alice","Hartman","2016-11-06","Donec.est.mauris@tincidunt.net","0872866926","P.O. Box 905, 1035 Sem, Av."),(3,3,"1604030798599","ECN08VUH5RN","Carson","Bush","2017-07-04","arcu.iaculis.enim@hendrerit.co.uk","0436527789","992-6508 At Rd."),(4,2,"1624060589899","SDQ61MTW7NE","Judith","Joseph","2016-10-21","In.faucibus@ipsumcursus.net","0201548788","P.O. Box 302, 8404 Diam St."),(5,2,"1601091187999","VWM72AVF4DQ","Priscilla","Burks","2018-03-25","Nulla@ligulaNullamfeugiat.org","0551880905","P.O. Box 678, 5747 Scelerisque Rd."),(6,2,"1646072362599","IOR96TZG9RL","Ulysses","Hicks","2018-02-14","nunc.Quisque@liberoDonecconsectetuer.edu","0633952013","3362 Lorem Road"),(7,2,"1641071852499","LFQ96NSS9GV","Rafael","Wiley","2016-11-28","Fusce@MaurismagnaDuis.edu","0556008506","Ap #168-112 Mi. Ave"),(8,2,"1647053008899","SWO09TPR8LA","Jocelyn","Briggs","2018-09-30","amet.ornare@sem.edu","0965263432","448-6195 Suspendisse Ave"),(9,1,"1626051137699","KWE44EOH8LD","Quon","Steele","2017-08-01","Duis.dignissim.tempor@Phasellus.ca","0244879565","545-5272 Facilisi. Rd."),(10,1,"1657102627199","MZQ57JDH4RN","Cyrus","Charles","2017-02-25","magnis.dis.parturient@nasceturridiculus.com","0411554822","P.O. Box 748, 5794 Nulla Rd.");
INSERT INTO `userInfo` (`userID`,`userInfo_userTypeID`,`username`,`password`,`fname`,`lname`,`dob`,`email`,`contactNumber`,`address`) VALUES (11,3,"1610071128399","QTZ39SUY6BY","Kirestin","Reilly","2016-10-05","eleifend@semperauctorMauris.edu","0349367660","P.O. Box 343, 2950 Porttitor Avenue"),(12,1,"1648042163599","KGG86SHM3YC","Nolan","Huffman","2018-04-28","Duis.risus@eratvolutpatNulla.ca","0496717329","8873 Non Street"),(13,3,"1653122076599","FCI73SZY1MT","Doris","Noble","2018-03-04","Aenean.massa@estac.ca","0658032230","P.O. Box 145, 7400 Quis Road"),(14,1,"1693110705899","EST71UYT7YF","Kristen","Conley","2018-07-25","luctus.aliquet@tellus.co.uk","0900727849","Ap #984-2583 Nulla Avenue"),(15,2,"1658120188499","TBB02LTA1VU","Stella","Bush","2017-01-21","nunc@felis.net","0354073422","126-6337 Elementum Road"),(16,2,"1668030361499","CBC28POU7KN","Dakota","Rivera","2017-09-13","aliquam@enimgravidasit.edu","0710440622","559 Augue, St."),(17,2,"1673052305999","HPG92WJY5SC","Ian","Lamb","2018-05-31","cursus@odioauctorvitae.org","0629428486","P.O. Box 774, 4345 Id Av."),(18,2,"1606011092099","SAT80VGR2PA","Brenna","Dudley","2017-04-11","sed.hendrerit@infaucibus.edu","0439373952","1129 Mattis. Avenue"),(19,1,"1650052900099","ZJE96JRE5UI","Remedios","Hancock","2017-05-06","Sed.nunc.est@quispedePraesent.net","0388533682","Ap #782-1997 Aliquam Rd."),(20,1,"1613041326699","NTL87WBL5GN","Plato","Gross","2018-06-24","ac.urna@Duiscursusdiam.com","0591287289","Ap #522-3928 Lorem St.");
INSERT INTO `userInfo` (`userID`,`userInfo_userTypeID`,`username`,`password`,`fname`,`lname`,`dob`,`email`,`contactNumber`,`address`) VALUES (21,1,"1681122579099","CBG98EBA2XN","Olympia","Castro","2017-06-18","velit.eu@egetvariusultrices.com","0484526650","P.O. Box 350, 9178 Aliquet St."),(22,3,"1634021384899","RYF55NRG8KS","Chantale","Holder","2018-03-08","euismod.ac.fermentum@temporestac.com","0149346574","9903 Nunc, St."),(23,1,"1640091435499","XUD02LDL6ZY","Lewis","Frederick","2018-09-10","Etiam@ridiculus.com","0226862106","7538 Vel Road"),(24,1,"1617120215499","MQD90ZCK0LN","Zephania","Graves","2017-12-15","fringilla@nibh.ca","0872960443","829-4552 Pede, Rd."),(25,3,"1664100578199","DUD51JEM9GB","Yardley","Harding","2017-09-26","eros.Nam@arcu.ca","0233408132","531 Curabitur St."),(26,2,"1606051318199","KSI97KQS3EQ","Cally","Ramos","2016-10-20","Quisque.varius.Nam@nullaIntegervulputate.net","0687022101","Ap #433-4192 Ut Avenue"),(27,1,"1649091499699","QIA15GIG3VG","Jasper","Fleming","2016-10-10","magna.Phasellus@dapibusligula.net","0382690421","9820 At Rd."),(28,1,"1645110328199","KQT90YEO4PJ","Shaine","Mason","2018-01-10","adipiscing.ligula@IntegerurnaVivamus.org","0406917754","618-4778 Nonummy St."),(29,3,"1673100845699","WXF51BGP0XC","Francis","Vega","2018-06-28","nisi.Aenean@facilisisnon.net","0153487208","Ap #779-1304 Sit Av."),(30,1,"1698111537799","QLL24JST0NE","Wesley","Oconnor","2017-02-24","eu@faucibus.com","0552935184","Ap #978-5856 Praesent Road");
INSERT INTO `userInfo` (`userID`,`userInfo_userTypeID`,`username`,`password`,`fname`,`lname`,`dob`,`email`,`contactNumber`,`address`) VALUES (31,3,"1645111284899","DOL60WZI6CO","Quin","Bell","2017-12-16","ligula@quismassa.co.uk","0438369008","779-8587 Proin Ave"),(32,2,"1601120573699","SSV25HPZ8PM","Yeo","Humphrey","2017-04-24","euismod.urna@MorbivehiculaPellentesque.co.uk","0814358686","838-4319 Lobortis Road"),(33,2,"1635121307199","WBV56TPA4KI","Merritt","Jackson","2017-01-31","quis.diam.luctus@sedleo.ca","0798882990","P.O. Box 781, 864 Massa. Rd."),(34,3,"1601072604199","URI71LRK8AT","Ramona","Mcdonald","2018-09-21","fermentum.risus.at@Vivamusmolestiedapibus.com","0538079941","458-367 Montes, St."),(35,2,"1638121586599","ORG59ERO0IP","Sacha","Sutton","2018-04-13","consectetuer@Utsagittislobortis.edu","0853571658","6973 Mauris Ave"),(36,1,"1626023038799","SIE41PMA3OP","Rhiannon","Mccormick","2017-05-08","Morbi.neque@nislNullaeu.com","0553760184","P.O. Box 637, 602 Auctor Street"),(37,1,"1628020827599","FGK07MEE4XF","Rama","Hopper","2018-06-03","arcu.Vestibulum@gravidanunc.co.uk","0397263838","418-4602 Nunc Street"),(38,2,"1670052500199","RGC06VGW5AT","Kaye","Buckley","2017-08-09","id.nunc@feugiat.org","0753193326","P.O. Box 782, 7973 Ultrices Avenue"),(39,3,"1612070534699","XNY84IFA0DD","Acton","Torres","2016-10-10","dapibus.rutrum.justo@quamvelsapien.co.uk","0292809361","862 Aliquam St."),(40,3,"1679100983299","AVC52WXW0UL","Uriel","Ortiz","2018-08-21","blandit.Nam@sagittisplacerat.com","0740305774","P.O. Box 747, 6674 Vehicula St.");
INSERT INTO `userInfo` (`userID`,`userInfo_userTypeID`,`username`,`password`,`fname`,`lname`,`dob`,`email`,`contactNumber`,`address`) VALUES (41,2,"1653060497899","HJQ59MUH9DV","Gareth","Moody","2016-10-30","ante.lectus.convallis@Phasellus.edu","0307675495","P.O. Box 539, 9255 Luctus Road"),(42,1,"1674022843099","HNT97BGR8KE","Malik","Foreman","2016-11-20","scelerisque.dui.Suspendisse@elit.co.uk","0218248007","3018 Urna Rd."),(43,2,"1673030989599","VBV76PXB8BJ","Zephr","Boone","2017-07-04","litora@tortordictumeu.org","0135444727","Ap #361-4480 Rhoncus. St."),(44,1,"1635050677299","WOE50IQA6XU","Tobias","Burch","2017-05-04","sit@pellentesqueafacilisis.ca","0163145058","P.O. Box 828, 9949 Magna. Ave"),(45,1,"1689042123999","WAR42QPB6MJ","Cassady","Moses","2018-03-02","Phasellus.dapibus.quam@scelerisque.co.uk","0385460984","P.O. Box 464, 722 Erat St."),(46,3,"1643041173799","YHR62USW1SG","Fuller","Bean","2016-10-25","nisl.Quisque@Morbinonsapien.co.uk","0955718723","973-949 Mi Street"),(47,2,"1631051344799","NZY71ZTX7JO","Arthur","Gonzalez","2017-09-18","est@erat.co.uk","0817221853","9946 Felis Avenue"),(48,1,"1621062690499","QMC22ZQB3DK","Alana","Russo","2018-07-10","posuere@Etiamgravidamolestie.co.uk","0145880240","588-7065 Ante Road"),(49,1,"1628050111299","ZEF72ZPI5OD","Fallon","Elliott","2018-01-28","et.risus@velnisl.co.uk","0660855587","Ap #612-5251 Vel Rd."),(50,3,"1671010414799","GXS31SFM5OA","Knox","Burton","2017-06-25","non.enim.commodo@tinciduntpede.ca","0928629292","6092 Ultrices Road");
INSERT INTO `userInfo` (`userID`,`userInfo_userTypeID`,`username`,`password`,`fname`,`lname`,`dob`,`email`,`contactNumber`,`address`) VALUES (51,1,"1609100688299","XEP85ZZN5JK","Serena","Flores","2018-08-08","nonummy.ultricies.ornare@loremauctor.co.uk","0182970253","834-2136 Dictum. St."),(52,3,"1617080344099","LEK60YZA2ZY","Cain","Salazar","2017-09-13","suscipit@eget.ca","0911449441","764-102 Luctus St."),(53,1,"1693122931699","CFK07INI6MS","Yoshio","Baker","2017-03-15","sem.egestas.blandit@faucibusMorbi.co.uk","0535631996","Ap #880-6182 At St."),(54,3,"1636091329799","WVZ97OPT9OM","Tanner","Harper","2018-01-13","posuere@loremvehiculaet.net","0469818617","2987 Tortor Rd."),(55,1,"1626060654999","VGJ85BRP2SU","Coby","Rush","2017-11-13","ipsum.nunc.id@malesuada.net","0811856092","Ap #291-2352 Ullamcorper Street"),(56,1,"1611030166199","OXO12IKX7HL","Aristotle","Anderson","2017-12-12","dignissim.Maecenas.ornare@Suspendisse.ca","0718587733","399-1342 Erat St."),(57,2,"1648091325599","DEU77GLZ5VW","Hiram","Campos","2018-04-05","convallis@gravidaPraesent.co.uk","0924914457","735-1651 Mus. St."),(58,3,"1612120407399","PHU69AUF5VV","Keefe","Floyd","2017-06-21","amet.ultricies.sem@iaculisquispede.edu","0316637854","2204 Ac Street"),(59,1,"1656051707899","MYX26JYK5GJ","Jillian","Estrada","2018-06-17","neque.pellentesque.massa@ridiculusmus.net","0847196714","339 Morbi Avenue"),(60,3,"1697082211099","GBG19XTB3ZL","Callum","Estes","2017-08-20","molestie@mollis.org","0567759050","P.O. Box 242, 4266 Commodo Rd.");
INSERT INTO `userInfo` (`userID`,`userInfo_userTypeID`,`username`,`password`,`fname`,`lname`,`dob`,`email`,`contactNumber`,`address`) VALUES (61,2,"1619072214399","GWW05NCN7OW","Charles","Brennan","2018-05-21","elementum.purus@et.ca","0138940177","Ap #756-3307 A Rd."),(62,3,"1687042653699","KGU84GML5MY","Igor","Malone","2017-03-14","posuere@tellusAenean.net","0156699261","5567 Non, Street"),(63,1,"1692090487199","NOX54KCX9ZM","Elvis","Jimenez","2018-02-15","posuere.vulputate@Proinvel.com","0383593116","3213 Dolor Ave"),(64,1,"1600010510399","DTJ06KAL4JW","Nicholas","Dunn","2016-11-17","diam.Pellentesque@magnisdis.edu","0247471606","107-581 Imperdiet Street"),(65,2,"1615020173299","TSU59FUA8RD","Tanisha","Weeks","2017-09-05","consectetuer.cursus@pellentesquemassa.co.uk","0643460046","3256 Faucibus St."),(66,2,"1646030845799","NZB98AVA4EC","Reece","Horne","2018-01-13","orci@turpisvitaepurus.ca","0728622416","6678 Sodales Av."),(67,3,"1648091543899","LJR63ZYV4NQ","Lucas","Gallegos","2018-06-19","congue.turpis.In@et.ca","0311970758","Ap #962-4139 Commodo Road"),(68,1,"1679081572099","HEE95IWX3EO","Alma","Gillespie","2017-08-22","non@tellus.co.uk","0118679691","2564 Sed Ave"),(69,2,"1656102736199","GWO15CEK8KP","Timothy","Hall","2016-10-05","Nullam@Nulla.com","0706120564","3411 Dui Av."),(70,1,"1692071191399","GSS78DPS9DM","Linus","Salazar","2017-09-03","adipiscing.lacus.Ut@erategettincidunt.edu","0653639416","Ap #997-7391 Imperdiet Av.");
INSERT INTO `userInfo` (`userID`,`userInfo_userTypeID`,`username`,`password`,`fname`,`lname`,`dob`,`email`,`contactNumber`,`address`) VALUES (71,2,"1612112535699","XFX52PLJ1VW","Wesley","Andrews","2017-10-22","Quisque.purus.sapien@ut.ca","0271646003","P.O. Box 272, 8016 Ut, Rd."),(72,1,"1695022173899","HCU65WKS4HG","Whitney","Chan","2018-02-21","vehicula.aliquet@Aliquameratvolutpat.edu","0636328760","826-1514 Nunc St."),(73,3,"1663032560799","JZG75GPP6FL","Leila","Rivas","2017-06-23","nonummy@risusodio.co.uk","0944777076","P.O. Box 130, 2594 Nec, Rd."),(74,2,"1656010262399","FTK55KLC0DJ","Keefe","Noble","2018-08-29","in.magna.Phasellus@asollicitudinorci.com","0654501051","629-1165 Enim Av."),(75,1,"1656091766699","ARI86WCN0YD","Sharon","Strickland","2018-09-28","lorem.vitae.odio@fringillaporttitor.ca","0348966722","908-6467 Nonummy Rd."),(76,2,"1676100492199","MUJ24KNC8DR","Malachi","Graves","2018-08-25","ullamcorper.eu.euismod@euismodestarcu.net","0394277635","6539 Consectetuer Rd."),(77,1,"1648051745499","GGM17QPP0ER","Galvin","Shepherd","2018-04-03","Sed.neque@fermentum.com","0747011064","Ap #829-890 Quis, Avenue"),(78,2,"1672091313699","EJB30LKY8VM","Isaac","Trevino","2017-09-13","Proin.sed@auctorodio.org","0514527609","834 In Av."),(79,2,"1678111843699","GUQ21WLZ7NJ","Martena","Hatfield","2018-08-06","accumsan.laoreet.ipsum@mus.co.uk","0989895987","Ap #379-7042 Proin Rd."),(80,2,"1626042983499","HYX23VCD2FQ","Dahlia","Ortiz","2018-05-18","blandit.Nam@sagittisNullamvitae.edu","0939304631","9236 Blandit Rd.");
INSERT INTO `userInfo` (`userID`,`userInfo_userTypeID`,`username`,`password`,`fname`,`lname`,`dob`,`email`,`contactNumber`,`address`) VALUES (81,2,"1636041996399","XVD90WRT1KL","Victoria","Bell","2018-06-18","magnis.dis.parturient@nec.org","0539689327","5854 Mattis. Av."),(82,2,"1622012685699","XSG75LFZ7AR","Octavia","Lindsay","2017-07-30","neque.tellus.imperdiet@at.org","0262274737","P.O. Box 503, 3629 Felis. Ave"),(83,3,"1669072178799","YMR22LUZ3WL","Ezra","Bernard","2018-08-11","Cras.eget@nectempus.co.uk","0583105708","Ap #102-7925 Dignissim Avenue"),(84,2,"1649050177999","BYG19QUC8YR","Beau","Woods","2017-07-16","Sed.eu@augueutlacus.ca","0852342467","162-6546 Duis St."),(85,2,"1666020150199","YZP35IHC6NF","Bevis","Reeves","2017-07-10","sodales@Aeneanegestashendrerit.co.uk","0103940862","Ap #151-5034 Odio Avenue"),(86,1,"1692041490499","VDD62TWD9ZK","Jane","Quinn","2018-01-11","elementum.purus@euligulaAenean.com","0118889041","695-6415 Ad Avenue"),(87,1,"1606032024999","TPO63KXK5YY","Brianna","Gilliam","2018-02-27","tristique@semper.edu","0708675351","Ap #320-3979 Aliquam St."),(88,1,"1657112145099","DTI00BPQ5LQ","Yvette","Turner","2017-11-13","varius@ligulaAeneangravida.org","0426120280","Ap #290-740 Libero Rd."),(89,2,"1677093036099","EXR19MND4RM","Jakeem","Nunez","2018-01-19","eu@Crasloremlorem.net","0166208898","P.O. Box 643, 5953 Nulla Ave"),(90,3,"1600010380799","ANC56TRG2LK","Davis","Wilder","2017-10-03","condimentum.Donec.at@Integeraliquamadipiscing.net","0320451431","Ap #700-1676 Lorem Av.");
INSERT INTO `userInfo` (`userID`,`userInfo_userTypeID`,`username`,`password`,`fname`,`lname`,`dob`,`email`,`contactNumber`,`address`) VALUES (91,2,"1652022290199","SJH52AUH7ZB","Ryan","Osborne","2017-04-13","eget.massa@sitametconsectetuer.net","0368573629","P.O. Box 711, 9982 Ornare, Ave"),(92,3,"1690120618599","QBO11NDP2TI","Jamal","Vaughn","2018-02-17","ac.feugiat.non@morbitristique.org","0526574631","P.O. Box 194, 9586 Pharetra Ave"),(93,2,"1654110783399","GJO18PIQ2BO","Abraham","Monroe","2017-03-04","Phasellus@leoinlobortis.com","0291255987","8566 Parturient Avenue"),(94,1,"1661112308399","EVG39ZZN2FK","Colby","Floyd","2017-06-27","aliquet@Praesent.org","0607499685","P.O. Box 525, 4930 A St."),(95,1,"1664091807099","RLW06FUO1ZD","Isabelle","Langley","2018-01-08","Donec@idnunc.com","0209969526","482-7741 Placerat, Ave"),(96,2,"1600041221399","VOS56ZQN3SC","Brian","Huffman","2018-01-01","Duis@ametlorem.com","0958011021","1971 Dui. St."),(97,1,"1695082383599","WOL62MFN9VO","Brennan","Richardson","2018-02-07","Nullam.vitae@mi.net","0713546601","P.O. Box 669, 2644 Nec, Road"),(98,1,"1636120425699","RZG77QDD5WS","Dominic","Chan","2017-03-12","Nunc.ac.sem@erosProin.edu","0731601587","328 Blandit Street"),(99,1,"1640121415999","NKU36TYX1ZL","Davis","Mendoza","2018-02-16","turpis.In.condimentum@scelerisque.org","0366921752","7144 Ultrices Ave"),(100,3,"1662031978699","VVN56BCZ7TY","Peter","Zimmerman","2017-02-23","Nam.nulla@acfacilisisfacilisis.net","0643324121","5871 Pretium Road");


INSERT INTO `cityInfo` (`cityInfoID`,`cityInfo_cityID`,`cityInfo_userTypeID`,`cityInfoName`,`cityInfoDesc`) VALUES (1,5,1,"fringilla euismod","nec mauris blandit mattis. Cras eget nisi dictum augue malesuada"),(2,6,3,"arcu. Vestibulum","Nulla interdum. Curabitur dictum. Phasellus in felis. Nulla tempor augue"),(3,7,3,"Donec consectetuer","pede et risus. Quisque libero lacus, varius et, euismod et,"),(4,5,3,"magna. Praesent","eget laoreet posuere, enim nisl elementum purus, accumsan interdum libero"),(5,7,2,"consectetuer, cursus","Nunc sollicitudin commodo ipsum. Suspendisse non leo. Vivamus nibh dolor,"),(6,6,3,"eget, volutpat","imperdiet non, vestibulum nec, euismod in, dolor. Fusce feugiat. Lorem"),(7,7,1,"sem. Nulla","eu neque pellentesque massa lobortis ultrices. Vivamus rhoncus. Donec est."),(8,8,2,"ac risus.","leo, in lobortis tellus justo sit amet nulla. Donec non"),(9,2,2,"risus odio,","sed, sapien. Nunc pulvinar arcu et pede. Nunc sed orci"),(10,2,1,"aliquet, metus","purus gravida sagittis. Duis gravida. Praesent eu nulla at sem");
INSERT INTO `cityInfo` (`cityInfoID`,`cityInfo_cityID`,`cityInfo_userTypeID`,`cityInfoName`,`cityInfoDesc`) VALUES (11,6,3,"justo sit","dui, semper et, lacinia vitae, sodales at, velit. Pellentesque ultricies"),(12,3,1,"lacus. Aliquam","Vestibulum ut eros non enim commodo hendrerit. Donec porttitor tellus"),(13,5,3,"Sed nec","ac risus. Morbi metus. Vivamus euismod urna. Nullam lobortis quam"),(14,3,3,"vulputate ullamcorper","dignissim tempor arcu. Vestibulum ut eros non enim commodo hendrerit."),(15,2,3,"in felis.","Quisque libero lacus, varius et, euismod et, commodo at, libero."),(16,3,1,"vestibulum lorem,","diam lorem, auctor quis, tristique ac, eleifend vitae, erat. Vivamus"),(17,5,2,"Nunc ullamcorper,","mi tempor lorem, eget mollis lectus pede et risus. Quisque"),(18,5,3,"primis in","magna. Lorem ipsum dolor sit amet, consectetuer adipiscing elit. Etiam"),(19,1,3,"molestie orci","senectus et netus et malesuada fames ac turpis egestas. Aliquam"),(20,5,1,"nec urna","non, vestibulum nec, euismod in, dolor. Fusce feugiat. Lorem ipsum");
INSERT INTO `cityInfo` (`cityInfoID`,`cityInfo_cityID`,`cityInfo_userTypeID`,`cityInfoName`,`cityInfoDesc`) VALUES (21,7,3,"ac orci.","lorem lorem, luctus ut, pellentesque eget, dictum placerat, augue. Sed"),(22,1,1,"eleifend, nunc","primis in faucibus orci luctus et ultrices posuere cubilia Curae;"),(23,6,1,"orci luctus","nonummy ac, feugiat non, lobortis quis, pede. Suspendisse dui. Fusce"),(24,8,2,"lobortis, nisi","semper. Nam tempor diam dictum sapien. Aenean massa. Integer vitae"),(25,7,1,"pede. Suspendisse","vitae semper egestas, urna justo faucibus lectus, a sollicitudin orci"),(26,7,3,"mollis. Phasellus","Curabitur sed tortor. Integer aliquam adipiscing lacus. Ut nec urna"),(27,8,3,"leo. Cras","habitant morbi tristique senectus et netus et malesuada fames ac"),(28,7,1,"malesuada vel,","Maecenas mi felis, adipiscing fringilla, porttitor vulputate, posuere vulputate, lacus."),(29,5,1,"conubia nostra,","netus et malesuada fames ac turpis egestas. Aliquam fringilla cursus"),(30,5,1,"leo. Cras","Mauris eu turpis. Nulla aliquet. Proin velit. Sed malesuada augue");
INSERT INTO `cityInfo` (`cityInfoID`,`cityInfo_cityID`,`cityInfo_userTypeID`,`cityInfoName`,`cityInfoDesc`) VALUES (31,4,2,"eu tempor","sollicitudin adipiscing ligula. Aenean gravida nunc sed pede. Cum sociis"),(32,7,3,"a, magna.","nec luctus felis purus ac tellus. Suspendisse sed dolor. Fusce"),(33,5,2,"ridiculus mus.","ultrices posuere cubilia Curae; Phasellus ornare. Fusce mollis. Duis sit"),(34,7,3,"varius ultrices,","purus, in molestie tortor nibh sit amet orci. Ut sagittis"),(35,1,3,"massa. Mauris","sem ut cursus luctus, ipsum leo elementum sem, vitae aliquam"),(36,1,3,"commodo ipsum.","egestas hendrerit neque. In ornare sagittis felis. Donec tempor, est"),(37,8,3,"eleifend, nunc","sem eget massa. Suspendisse eleifend. Cras sed leo. Cras vehicula"),(38,8,3,"aliquet. Proin","sit amet diam eu dolor egestas rhoncus. Proin nisl sem,"),(39,8,1,"Sed congue,","non, feugiat nec, diam. Duis mi enim, condimentum eget, volutpat"),(40,1,1,"Proin velit.","dui. Cras pellentesque. Sed dictum. Proin eget odio. Aliquam vulputate");
INSERT INTO `cityInfo` (`cityInfoID`,`cityInfo_cityID`,`cityInfo_userTypeID`,`cityInfoName`,`cityInfoDesc`) VALUES (41,3,2,"Cras sed","vel quam dignissim pharetra. Nam ac nulla. In tincidunt congue"),(42,1,3,"adipiscing elit.","orci lobortis augue scelerisque mollis. Phasellus libero mauris, aliquam eu,"),(43,6,1,"non massa","dolor sit amet, consectetuer adipiscing elit. Aliquam auctor, velit eget"),(44,2,3,"Etiam laoreet,","elit. Nulla facilisi. Sed neque. Sed eget lacus. Mauris non"),(45,4,3,"pede. Cum","magna et ipsum cursus vestibulum. Mauris magna. Duis dignissim tempor"),(46,6,2,"mollis lectus","facilisis vitae, orci. Phasellus dapibus quam quis diam. Pellentesque habitant"),(47,4,3,"Etiam ligula","massa. Integer vitae nibh. Donec est mauris, rhoncus id, mollis"),(48,4,3,"luctus vulputate,","Quisque nonummy ipsum non arcu. Vivamus sit amet risus. Donec"),(49,5,2,"risus. Donec","blandit. Nam nulla magna, malesuada vel, convallis in, cursus et,"),(50,7,1,"Fusce aliquet","non arcu. Vivamus sit amet risus. Donec egestas. Aliquam nec");
INSERT INTO `cityInfo` (`cityInfoID`,`cityInfo_cityID`,`cityInfo_userTypeID`,`cityInfoName`,`cityInfoDesc`) VALUES (51,3,1,"nec tellus.","Cras dictum ultricies ligula. Nullam enim. Sed nulla ante, iaculis"),(52,1,2,"eros. Nam","blandit at, nisi. Cum sociis natoque penatibus et magnis dis"),(53,5,2,"sit amet","odio sagittis semper. Nam tempor diam dictum sapien. Aenean massa."),(54,7,1,"Quisque nonummy","vitae, posuere at, velit. Cras lorem lorem, luctus ut, pellentesque"),(55,5,1,"magna. Praesent","nec, diam. Duis mi enim, condimentum eget, volutpat ornare, facilisis"),(56,4,2,"elementum at,","posuere cubilia Curae; Donec tincidunt. Donec vitae erat vel pede"),(57,4,1,"dapibus rutrum,","laoreet, libero et tristique pellentesque, tellus sem mollis dui, in"),(58,4,2,"nibh. Quisque","in magna. Phasellus dolor elit, pellentesque a, facilisis non, bibendum"),(59,3,1,"Suspendisse eleifend.","vulputate, risus a ultricies adipiscing, enim mi tempor lorem, eget"),(60,3,3,"penatibus et","nostra, per inceptos hymenaeos. Mauris ut quam vel sapien imperdiet");
INSERT INTO `cityInfo` (`cityInfoID`,`cityInfo_cityID`,`cityInfo_userTypeID`,`cityInfoName`,`cityInfoDesc`) VALUES (61,3,3,"sodales nisi","velit dui, semper et, lacinia vitae, sodales at, velit. Pellentesque"),(62,8,3,"Mauris quis","Fusce diam nunc, ullamcorper eu, euismod ac, fermentum vel, mauris."),(63,1,1,"lectus. Cum","malesuada malesuada. Integer id magna et ipsum cursus vestibulum. Mauris"),(64,1,1,"lorem ac","vestibulum lorem, sit amet ultricies sem magna nec quam. Curabitur"),(65,2,3,"Aliquam ultrices","faucibus ut, nulla. Cras eu tellus eu augue porttitor interdum."),(66,6,3,"enim, gravida","eu metus. In lorem. Donec elementum, lorem ut aliquam iaculis,"),(67,1,2,"dui nec","rutrum. Fusce dolor quam, elementum at, egestas a, scelerisque sed,"),(68,5,2,"est ac","arcu et pede. Nunc sed orci lobortis augue scelerisque mollis."),(69,1,3,"dolor dolor,","eu turpis. Nulla aliquet. Proin velit. Sed malesuada augue ut"),(70,5,1,"nunc ac","Curabitur massa. Vestibulum accumsan neque et nunc. Quisque ornare tortor");
INSERT INTO `cityInfo` (`cityInfoID`,`cityInfo_cityID`,`cityInfo_userTypeID`,`cityInfoName`,`cityInfoDesc`) VALUES (71,6,2,"Donec nibh","erat volutpat. Nulla facilisis. Suspendisse commodo tincidunt nibh. Phasellus nulla."),(72,6,1,"metus. Aliquam","malesuada augue ut lacus. Nulla tincidunt, neque vitae semper egestas,"),(73,8,3,"natoque penatibus","sem egestas blandit. Nam nulla magna, malesuada vel, convallis in,"),(74,4,3,"mus. Proin","malesuada fringilla est. Mauris eu turpis. Nulla aliquet. Proin velit."),(75,2,2,"blandit enim","non massa non ante bibendum ullamcorper. Duis cursus, diam at"),(76,2,3,"ac, feugiat","sit amet, consectetuer adipiscing elit. Etiam laoreet, libero et tristique"),(77,8,3,"Donec nibh","pellentesque, tellus sem mollis dui, in sodales elit erat vitae"),(78,1,3,"tortor. Nunc","cursus. Nunc mauris elit, dictum eu, eleifend nec, malesuada ut,"),(79,7,2,"at, egestas","sapien. Nunc pulvinar arcu et pede. Nunc sed orci lobortis"),(80,6,3,"Quisque purus","nec orci. Donec nibh. Quisque nonummy ipsum non arcu. Vivamus");
INSERT INTO `cityInfo` (`cityInfoID`,`cityInfo_cityID`,`cityInfo_userTypeID`,`cityInfoName`,`cityInfoDesc`) VALUES (81,7,1,"Nunc mauris","accumsan convallis, ante lectus convallis est, vitae sodales nisi magna"),(82,6,1,"tortor. Nunc","sagittis felis. Donec tempor, est ac mattis semper, dui lectus"),(83,2,3,"velit. Aliquam","Aenean sed pede nec ante blandit viverra. Donec tempus, lorem"),(84,2,3,"sit amet","commodo auctor velit. Aliquam nisl. Nulla eu neque pellentesque massa"),(85,7,2,"elit, dictum","Integer aliquam adipiscing lacus. Ut nec urna et arcu imperdiet"),(86,6,2,"dignissim magna","ac, fermentum vel, mauris. Integer sem elit, pharetra ut, pharetra"),(87,4,1,"ultricies ornare,","cursus. Nunc mauris elit, dictum eu, eleifend nec, malesuada ut,"),(88,1,3,"a purus.","a feugiat tellus lorem eu metus. In lorem. Donec elementum,"),(89,3,3,"Nam consequat","sem. Nulla interdum. Curabitur dictum. Phasellus in felis. Nulla tempor"),(90,3,1,"amet risus.","ligula eu enim. Etiam imperdiet dictum magna. Ut tincidunt orci");
INSERT INTO `cityInfo` (`cityInfoID`,`cityInfo_cityID`,`cityInfo_userTypeID`,`cityInfoName`,`cityInfoDesc`) VALUES (91,7,2,"fermentum risus,","dis parturient montes, nascetur ridiculus mus. Aenean eget magna. Suspendisse"),(92,6,1,"venenatis a,","dolor dapibus gravida. Aliquam tincidunt, nunc ac mattis ornare, lectus"),(93,6,1,"gravida. Praesent","Quisque nonummy ipsum non arcu. Vivamus sit amet risus. Donec"),(94,7,2,"a ultricies","lorem, auctor quis, tristique ac, eleifend vitae, erat. Vivamus nisi."),(95,7,1,"libero est,","gravida sagittis. Duis gravida. Praesent eu nulla at sem molestie"),(96,8,1,"lacus vestibulum","urna convallis erat, eget tincidunt dui augue eu tellus. Phasellus"),(97,5,2,"massa. Mauris","fringilla cursus purus. Nullam scelerisque neque sed sem egestas blandit."),(98,1,2,"Nullam lobortis","amet ultricies sem magna nec quam. Curabitur vel lectus. Cum"),(99,2,1,"erat, in","tincidunt pede ac urna. Ut tincidunt vehicula risus. Nulla eget"),(100,3,1,"amet, consectetuer","id ante dictum cursus. Nunc mauris elit, dictum eu, eleifend");

INSERT INTO `dataType` (`dataTypeID`,`dataType_userTypeID`,`dataName`,`dataDesc`) VALUES (1,3,"auctor, nunc","Ut tincidunt orci quis lectus. Nullam suscipit, est ac facilisis"),(2,1,"mauris, aliquam","id nunc interdum feugiat. Sed nec metus facilisis lorem tristique"),(3,1,"consequat auctor,","mi eleifend egestas. Sed pharetra, felis eget varius ultrices, mauris"),(4,2,"ipsum. Suspendisse","eu erat semper rutrum. Fusce dolor quam, elementum at, egestas"),(5,2,"elit elit","felis. Donec tempor, est ac mattis semper, dui lectus rutrum"),(6,2,"tellus sem","Proin non massa non ante bibendum ullamcorper. Duis cursus, diam"),(7,3,"leo. Cras","in aliquet lobortis, nisi nibh lacinia orci, consectetuer euismod est"),(8,2,"consectetuer euismod","fringilla euismod enim. Etiam gravida molestie arcu. Sed eu nibh"),(9,3,"Vivamus sit","malesuada fames ac turpis egestas. Aliquam fringilla cursus purus. Nullam"),(10,3,"molestie sodales.","ut, pellentesque eget, dictum placerat, augue. Sed molestie. Sed id");
INSERT INTO `dataType` (`dataTypeID`,`dataType_userTypeID`,`dataName`,`dataDesc`) VALUES (11,2,"sagittis lobortis","eu erat semper rutrum. Fusce dolor quam, elementum at, egestas"),(12,2,"lorem, eget","nec, mollis vitae, posuere at, velit. Cras lorem lorem, luctus"),(13,1,"lorem ipsum","faucibus lectus, a sollicitudin orci sem eget massa. Suspendisse eleifend."),(14,1,"nunc. In","sapien imperdiet ornare. In faucibus. Morbi vehicula. Pellentesque tincidunt tempus"),(15,1,"Aenean eget","dictum eu, placerat eget, venenatis a, magna. Lorem ipsum dolor"),(16,3,"neque sed","Cum sociis natoque penatibus et magnis dis parturient montes, nascetur"),(17,3,"fringilla est.","Integer eu lacus. Quisque imperdiet, erat nonummy ultricies ornare, elit"),(18,3,"cursus vestibulum.","eleifend, nunc risus varius orci, in consequat enim diam vel"),(19,1,"ligula. Aliquam","ornare tortor at risus. Nunc ac sem ut dolor dapibus"),(20,2,"eu elit.","tellus. Nunc lectus pede, ultrices a, auctor non, feugiat nec,");
INSERT INTO `dataType` (`dataTypeID`,`dataType_userTypeID`,`dataName`,`dataDesc`) VALUES (21,3,"malesuada ut,","cursus in, hendrerit consectetuer, cursus et, magna. Praesent interdum ligula"),(22,3,"vitae, erat.","lobortis, nisi nibh lacinia orci, consectetuer euismod est arcu ac"),(23,3,"Aliquam rutrum","sit amet ante. Vivamus non lorem vitae odio sagittis semper."),(24,1,"Phasellus in","consequat enim diam vel arcu. Curabitur ut odio vel est"),(25,1,"imperdiet, erat","Aenean sed pede nec ante blandit viverra. Donec tempus, lorem"),(26,1,"accumsan neque","mattis velit justo nec ante. Maecenas mi felis, adipiscing fringilla,"),(27,2,"turpis non","nunc sit amet metus. Aliquam erat volutpat. Nulla facilisis. Suspendisse"),(28,1,"Nunc sed","id, libero. Donec consectetuer mauris id sapien. Cras dolor dolor,"),(29,3,"id ante","Etiam vestibulum massa rutrum magna. Cras convallis convallis dolor. Quisque"),(30,1,"Nulla eget","vitae, erat. Vivamus nisi. Mauris nulla. Integer urna. Vivamus molestie");
INSERT INTO `dataType` (`dataTypeID`,`dataType_userTypeID`,`dataName`,`dataDesc`) VALUES (31,3,"Aliquam tincidunt,","Mauris quis turpis vitae purus gravida sagittis. Duis gravida. Praesent"),(32,3,"ac risus.","Integer aliquam adipiscing lacus. Ut nec urna et arcu imperdiet"),(33,1,"massa. Integer","diam eu dolor egestas rhoncus. Proin nisl sem, consequat nec,"),(34,2,"a, auctor","Nunc sed orci lobortis augue scelerisque mollis. Phasellus libero mauris,"),(35,3,"id, ante.","imperdiet ullamcorper. Duis at lacus. Quisque purus sapien, gravida non,"),(36,3,"orci luctus","vestibulum lorem, sit amet ultricies sem magna nec quam. Curabitur"),(37,2,"Duis dignissim","neque pellentesque massa lobortis ultrices. Vivamus rhoncus. Donec est. Nunc"),(38,3,"ipsum dolor","at risus. Nunc ac sem ut dolor dapibus gravida. Aliquam"),(39,1,"montes, nascetur","lorem eu metus. In lorem. Donec elementum, lorem ut aliquam"),(40,1,"facilisis, magna","sem mollis dui, in sodales elit erat vitae risus. Duis");
INSERT INTO `dataType` (`dataTypeID`,`dataType_userTypeID`,`dataName`,`dataDesc`) VALUES (41,1,"orci. Ut","ullamcorper, nisl arcu iaculis enim, sit amet ornare lectus justo"),(42,3,"eu augue","semper. Nam tempor diam dictum sapien. Aenean massa. Integer vitae"),(43,3,"sodales. Mauris","aliquet vel, vulputate eu, odio. Phasellus at augue id ante"),(44,3,"Etiam laoreet,","vitae velit egestas lacinia. Sed congue, elit sed consequat auctor,"),(45,1,"mollis. Integer","Proin ultrices. Duis volutpat nunc sit amet metus. Aliquam erat"),(46,2,"In scelerisque","diam. Proin dolor. Nulla semper tellus id nunc interdum feugiat."),(47,3,"consectetuer euismod","libero et tristique pellentesque, tellus sem mollis dui, in sodales"),(48,2,"neque venenatis","neque vitae semper egestas, urna justo faucibus lectus, a sollicitudin"),(49,3,"Suspendisse aliquet,","ac risus. Morbi metus. Vivamus euismod urna. Nullam lobortis quam"),(50,3,"in consectetuer","a, scelerisque sed, sapien. Nunc pulvinar arcu et pede. Nunc");
INSERT INTO `dataType` (`dataTypeID`,`dataType_userTypeID`,`dataName`,`dataDesc`) VALUES (51,2,"arcu vel","gravida. Praesent eu nulla at sem molestie sodales. Mauris blandit"),(52,1,"mollis lectus","malesuada id, erat. Etiam vestibulum massa rutrum magna. Cras convallis"),(53,1,"pellentesque. Sed","imperdiet nec, leo. Morbi neque tellus, imperdiet non, vestibulum nec,"),(54,1,"parturient montes,","vitae velit egestas lacinia. Sed congue, elit sed consequat auctor,"),(55,1,"lobortis quis,","Duis dignissim tempor arcu. Vestibulum ut eros non enim commodo"),(56,3,"rutrum lorem","tincidunt orci quis lectus. Nullam suscipit, est ac facilisis facilisis,"),(57,1,"massa. Vestibulum","non, egestas a, dui. Cras pellentesque. Sed dictum. Proin eget"),(58,1,"montes, nascetur","nunc nulla vulputate dui, nec tempus mauris erat eget ipsum."),(59,3,"fames ac","eros. Nam consequat dolor vitae dolor. Donec fringilla. Donec feugiat"),(60,2,"at, libero.","id, libero. Donec consectetuer mauris id sapien. Cras dolor dolor,");
INSERT INTO `dataType` (`dataTypeID`,`dataType_userTypeID`,`dataName`,`dataDesc`) VALUES (61,1,"Quisque ornare","cursus et, eros. Proin ultrices. Duis volutpat nunc sit amet"),(62,2,"consectetuer adipiscing","sem magna nec quam. Curabitur vel lectus. Cum sociis natoque"),(63,3,"sagittis semper.","fringilla cursus purus. Nullam scelerisque neque sed sem egestas blandit."),(64,3,"et ipsum","nibh. Donec est mauris, rhoncus id, mollis nec, cursus a,"),(65,2,"Nunc sollicitudin","fermentum risus, at fringilla purus mauris a nunc. In at"),(66,2,"Donec elementum,","vel lectus. Cum sociis natoque penatibus et magnis dis parturient"),(67,3,"aliquet vel,","id sapien. Cras dolor dolor, tempus non, lacinia at, iaculis"),(68,2,"eleifend. Cras","vulputate, posuere vulputate, lacus. Cras interdum. Nunc sollicitudin commodo ipsum."),(69,1,"auctor, velit","commodo ipsum. Suspendisse non leo. Vivamus nibh dolor, nonummy ac,"),(70,2,"adipiscing. Mauris","id magna et ipsum cursus vestibulum. Mauris magna. Duis dignissim");
INSERT INTO `dataType` (`dataTypeID`,`dataType_userTypeID`,`dataName`,`dataDesc`) VALUES (71,1,"vehicula. Pellentesque","dolor dapibus gravida. Aliquam tincidunt, nunc ac mattis ornare, lectus"),(72,1,"mauris erat","ac, fermentum vel, mauris. Integer sem elit, pharetra ut, pharetra"),(73,1,"et malesuada","ridiculus mus. Donec dignissim magna a tortor. Nunc commodo auctor"),(74,1,"eros. Proin","sem, consequat nec, mollis vitae, posuere at, velit. Cras lorem"),(75,1,"non, feugiat","vel, convallis in, cursus et, eros. Proin ultrices. Duis volutpat"),(76,2,"inceptos hymenaeos.","molestie. Sed id risus quis diam luctus lobortis. Class aptent"),(77,3,"hendrerit consectetuer,","Pellentesque habitant morbi tristique senectus et netus et malesuada fames"),(78,3,"ante. Maecenas","volutpat nunc sit amet metus. Aliquam erat volutpat. Nulla facilisis."),(79,3,"fames ac","eu enim. Etiam imperdiet dictum magna. Ut tincidunt orci quis"),(80,1,"et, eros.","Sed id risus quis diam luctus lobortis. Class aptent taciti");
INSERT INTO `dataType` (`dataTypeID`,`dataType_userTypeID`,`dataName`,`dataDesc`) VALUES (81,1,"Donec feugiat","eget ipsum. Suspendisse sagittis. Nullam vitae diam. Proin dolor. Nulla"),(82,3,"ligula. Aenean","Maecenas malesuada fringilla est. Mauris eu turpis. Nulla aliquet. Proin"),(83,1,"Nullam suscipit,","urna. Nunc quis arcu vel quam dignissim pharetra. Nam ac"),(84,1,"dis parturient","dui, in sodales elit erat vitae risus. Duis a mi"),(85,1,"ac, eleifend","molestie sodales. Mauris blandit enim consequat purus. Maecenas libero est,"),(86,3,"arcu. Morbi","tellus id nunc interdum feugiat. Sed nec metus facilisis lorem"),(87,1,"mauris eu","Proin vel nisl. Quisque fringilla euismod enim. Etiam gravida molestie"),(88,1,"sagittis felis.","hendrerit id, ante. Nunc mauris sapien, cursus in, hendrerit consectetuer,"),(89,3,"bibendum sed,","montes, nascetur ridiculus mus. Donec dignissim magna a tortor. Nunc"),(90,1,"lorem ut","tristique ac, eleifend vitae, erat. Vivamus nisi. Mauris nulla. Integer");
INSERT INTO `dataType` (`dataTypeID`,`dataType_userTypeID`,`dataName`,`dataDesc`) VALUES (91,2,"velit egestas","interdum. Curabitur dictum. Phasellus in felis. Nulla tempor augue ac"),(92,2,"mi felis,","torquent per conubia nostra, per inceptos hymenaeos. Mauris ut quam"),(93,3,"lacus. Cras","penatibus et magnis dis parturient montes, nascetur ridiculus mus. Proin"),(94,3,"tincidunt tempus","sem eget massa. Suspendisse eleifend. Cras sed leo. Cras vehicula"),(95,3,"Sed congue,","dolor. Quisque tincidunt pede ac urna. Ut tincidunt vehicula risus."),(96,1,"Nunc ac","interdum ligula eu enim. Etiam imperdiet dictum magna. Ut tincidunt"),(97,3,"malesuada fames","convallis erat, eget tincidunt dui augue eu tellus. Phasellus elit"),(98,2,"felis orci,","et, commodo at, libero. Morbi accumsan laoreet ipsum. Curabitur consequat,"),(99,1,"rutrum urna,","risus. Morbi metus. Vivamus euismod urna. Nullam lobortis quam a"),(100,3,"ligula consectetuer","Donec tincidunt. Donec vitae erat vel pede blandit congue. In");
